text,source_dataset,source_subdomain,original_label,stratum,data_id
"Я стала вновь жить, радоваться, с великолепным аттестатом окончила школу, поступила туда, куда хотела, ходила в церковь.",presuicidal,,"защитные факторы/выражение счастья, радости, удовлетворенности;защитные факторы/наличие целей, планов на будущее, любимого дела;защитные факторы/позитивные установки",presuicidal_multilabel_conj,0f6cee8a71ef43f687036ee2d9205015-12
появляются мысли о суициде или желание чтобы меня просто изолировали в каком нибудь лечебном заведении потому что мне больно что я такая несообразительная и на меня все чуть ли не как на дурочку смотрят.,presuicidal,,"смерть/мысли о смерти;чувства/негативное самоощущение, вина, стыд, никчемность, самобичевание",presuicidal_multilabel_conj,f2d81084d2f146ba9e93602695d991b7-4
"А ещё он пьет, это началось давно и продолжается до сих пор, пьет довольно часто и много, ночью заваливается домой, пока мы спим, из-за этого мы не высыпаемся и утром идем в таком состоянии на работу.",presuicidal,,деструктивное поведение/алкоголь и наркотики;проблемы в семье/сложные отношения с родственниками,presuicidal_multilabel_conj,d647516914c4436ba73f22b50735e0ee-21
"и мне кажется теперь, что яникогда не поправлюсь.",presuicidal,,"клинические проявления/тревожность, страх, фобии;клинические проявления/физические заболевания, инвалидность",presuicidal_multilabel_conj,ecd955aab51f4e4098f317c5eedad4e5-33
"около недели назад моя биологическая мать с опекой через суд забрали моего старшего сына, ещё у меня дочка и сын.",presuicidal,,"деструктивное поведение/проблемы с законом, дисциплиной;проблемы в семье/сложные отношения с родственниками",presuicidal_multilabel_conj,f289deaf25f04b92b0e62ac84f776f65-1
мне ужасно обидно и плохо прям хочется заплакать и очень громко.,presuicidal,,"клинические проявления/плач, истерики;чувства/агрессия, гнев, обида, злость, раздражительность, ревность, несправедливость",presuicidal_multilabel_conj,ef1dd2eae08447c5a3d0fad077aff09a-3
Я схожу с ума и это тоже заставляет меня сильно грустить,presuicidal,,"клинические проявления/другие психические расстройства;чувства/душевное опустошение, подавленность, тоска, грусть",presuicidal_multilabel_conj,2420d39c147e44aaac90d5c06c733d91-0
"В общем с опустошением пройдя все семейные войны я вышел на путь взрослой жизни практически без сил, в армию не пошёл, получил группу инвалидности по психике, и торчал в депрессии лет до 26, пока не встретился с одной девушкой.",presuicidal,,"клинические проявления/депрессия;клинические проявления/усталость, стресс, истощение ресурсов;клинические проявления/другие психические расстройства",presuicidal_multilabel_conj,c91952683726464c9cee92a3588c7435-10
"я без него не знаю как дышать, у меня мысли суицидные каждую секунду, я звоню ему он меня везде заблокировал просто все ходы связи перекрыл, мы расставались раньше на один месяц но тогда я чувствовала себя уверенно, а сейчас нет я не могу у меня истерика, я не могу существовать без него мы буквально вчера с ним смеялись нам было хорошо, а сейчас он не хочет меня слышать знать, а тут ещё эта учеба, не хочу без него жить хочу покончить с собой может тогда он поймёт как я его люблю.",presuicidal,,"проблемы во внешнем мире/несчастная любовь, проблемы с друзьями, сложности построения отношений;смерть/мысли о смерти",presuicidal_multilabel_conj,08802f83d5ea4ec9bdf9d5a312fa976e-3
"Наконец-то я была счастлива, что обрела человека, который меня понимает.",presuicidal,,"защитные факторы/выражение счастья, радости, удовлетворенности;защитные факторы/наличие позитивных социальных связей",presuicidal_multilabel_conj,e3a71dd302fb455e8d03d117d88fa7f2-15
Которого люблю но он меня не понимает не хочет слушать что у меня на душе.,presuicidal,,"защитные факторы/выражение любви;проблемы во внешнем мире/несчастная любовь, проблемы с друзьями, сложности построения отношений",presuicidal_multilabel_conj,e0f46f4ec9a643e290450e00caac5025-8
"Мы видимся с ним, он со своей новой семьей живет в доме напротив, я очень люблю его, ну не в этом суть.",presuicidal,,"защитные факторы/выражение любви;проблемы во внешнем мире/несчастная любовь, проблемы с друзьями, сложности построения отношений",presuicidal_multilabel_conj,bfd83cef7e614f968d2b69aec4216e74-5
но в итоге на 14 февроля он меня очень сильно оскорбил и я снова порезала руку.,presuicidal,,"деструктивное поведение/самоповреждение;проблемы во внешнем мире/несчастная любовь, проблемы с друзьями, сложности построения отношений",presuicidal_multilabel_conj,c68356dbeb6c4e3a8b87f8c39099589d-6
"Я слезно извинялась и просила прощения что не смогла оправдать его стандартов, за грубость из-за усталости на работе, что я не стараюсь достаточно сильно для общего блага я умоляла на его простить меня, на что он выразился четко - ""меня всё достало, я теперь для себя поживу"" претензии были по поводу того, что я недостаточно умная, что он во всем себе отказывает, а я ною по поводу тяжёлой работы и это непозволительно с моей стороны, так как он старается больше, чем я. Теперь не вижу жизни, я никому не нужна, ни себе ни другим, я мечтаю <способ суицида - ред. мод.",presuicidal,,"смерть/мысли о смерти;чувства/негативное самоощущение, вина, стыд, никчемность, самобичевание",presuicidal_multilabel_conj,bf39f6d98e3142b6b1d29558dc8577d9-8
"Кроме неё было ещё 2 подруги, 1-ая предала меня, и всё высказала, тем самым опустив мою самооценку ещё ниже плинтуса (но всё думают, что я специально иногда говорю о себе плохо, чтобы на меня обратили внимания.",presuicidal,,"проблемы во внешнем мире/несчастная любовь, проблемы с друзьями, сложности построения отношений;чувства/негативное самоощущение, вина, стыд, никчемность, самобичевание",presuicidal_multilabel_conj,91e114d5d6b4421b97a72f5e12d8b64d-21
Недавно я еле-еле уговорила маму отвести меня к психиатру ( она куча раз отказывала мне.,presuicidal,,клинические проявления/другие психические расстройства;проблемы в семье/сложные отношения с родственниками,presuicidal_multilabel_conj,f3e538e7de464fa1bc3b20ea3f09747c-47
"Я устал так жыть, у меня пропала желания штото делать, родители выгнали из дому, уже как год они меня не кормят, а все потому што я учится не хотел, у меня все што осталась ето друзья, спасибо хоть им што они меня не предали, ета так больно когда родные от тебя отварачиваются.",presuicidal,,"клинические проявления/усталость, стресс, истощение ресурсов;деструктивное поведение/проблемы с законом, дисциплиной;проблемы в семье/сложные отношения с родственниками",presuicidal_multilabel_conj,6f9493bd16454b2f869882813921dfef-0
"Мысли о смерти посещают меня с 15 лет, я много думаю о том, что смысла в жизни нет, потому что я разочаровалась в ней, живу не знаю для чего, просто понимаю, что дальше темно и лучше уже не будет, я постоянно нахожусь дома, потому что не с кем куда-то сходить, да еще как-то спасает работа, но все равно с нее нужно возвращаться в съемное жилье, а там никто не ждет.",presuicidal,,"смерть/мысли о смерти;чувства/одиночество, непонимание, изоляция, брошенность",presuicidal_multilabel_conj,34052a0dcc1945d4988c5c723bec1f2c-5
"у меня проблема-мне 17 лет я боюсь жить меня пугает почти все у меня очень много врагов, которые постоянно дают о себе знать меня называют всякими словами обижают я не могу ничего с этим сделать у меня уже почти 2 года плохое настроение засыпаю в плохому настроению и просипаюсь тоже у меня нет друзей я пытался их найти, но не получилось хочу умереть чтобы это все закончилось жить постоянно в страхе очень тяжело у меня проблемы с нервной психикой я пробовал поменять свой стиль жизни, но ничего не изменилось что мне делать",presuicidal,,"проблемы во внешнем мире/травля, физическое насилие;проблемы во внешнем мире/несчастная любовь, проблемы с друзьями, сложности построения отношений;смерть/мысли о смерти",presuicidal_multilabel_conj,19bd5a8d416d4ff7b0dfd3f28a3af17b-0
Я ненавижу себя и свою жизнь.,presuicidal,,"чувства/негативное самоощущение, вина, стыд, никчемность, самобичевание;другое/деструктивные установки",presuicidal_multilabel_conj,8039d24e990c4dec8eca8d7704779222-0
"С каждым днем только хуже, срывы, истерики, слезы, мысли о самоубийстве вообще впереди планеты всей, только вот слаб я для того чтобы убиться, осознаю это и становится еще хуже, пытался наглотаться таблеток-не вышло как видите, плохой способ.",presuicidal,,"защитные факторы/позитивные установки;клинические проявления/плач, истерики;клинические проявления/попытка суицида в прошлом;смерть/мысли о смерти",presuicidal_multilabel_conj,822e976e3fd54ec9bc6577ac6bd64547-5
"Я. особо ничего не хочу, если же вы просто попадали в такие ситуации и вы думаете что жизнь уже окончена, и не надо жить, то ответьте мне пожалуйста как с этим покончить кто сталкивался",presuicidal,,"защитные факторы/поиск помощи;чувства/душевное опустошение, подавленность, тоска, грусть",presuicidal_multilabel_conj,24e7e7e7f9214539b8df973e3400d59f-1
"Не могу спать, по ночам - каждый день просыпаюсь в 3 ночи, и начинается - лезет какой-то бред, что нужно совершить суицид, или сломать себе что нибудь",presuicidal,,клинические проявления/бессоница;деструктивное поведение/самоповреждение;смерть/мысли о смерти,presuicidal_multilabel_conj,826343f116ff44d4930086cb241e5e0f-0
"летом нужно было где-то жить, за что-то есть, на работу меня никуда не брали или брали но платили мизерную зп, помощи от близких не было.",presuicidal,,"проблемы в семье/сложные отношения с родственниками;чувства/одиночество, непонимание, изоляция, брошенность;другое/проблемы с профессиональным определением и реализацией",presuicidal_multilabel_conj,3fb0d251c06948249d961ed3d142f7a2-21
"От дома мамы я в 500км+ денег ноль, срок не маленький, куда идти то?",presuicidal,,"проблемы в семье/трудности с беременностью, аборт, выкидыш;чувства/беспомощность, безвыходность, безнадежность, отчаяние;другое/проблемы с деньгами (нищенство, долги)",presuicidal_multilabel_conj,8b28ef9a83894010b29d4c9e0031e562-1
"У меня тоже жёсткие родители, я их ненавижу, тем более всю семью свою кошку всех вообще чтобы они сдохли все я мечтаю съехать из дому и жить отдельно года считаю скорее бы мать и отец сердятся на меня были попытки суицида и все неудачные помогрте пожалуйста другие нормальные люди заводят семьи а я как кусок дерьма ни новой семьи ничего живу с рваньем и старьем я жить не хочу",presuicidal,,"клинические проявления/попытка суицида в прошлом;проблемы в семье/сложные отношения с родственниками;чувства/агрессия, гнев, обида, злость, раздражительность, ревность, несправедливость",presuicidal_multilabel_conj,6ed9c37e823f4ea5922af541b8d155cb-0
"Да может я и глупость скажу, но сам факт Я ЖИТЬ БОЛЬШЕ НЕХОЧУ.",presuicidal,,"чувства/беспомощность, безвыходность, безнадежность, отчаяние;чувства/негативное самоощущение, вина, стыд, никчемность, самобичевание",presuicidal_multilabel_conj,7d28f1d097bb4c6c87e2510461fb2685-1
"Но придя домой я разревелась, чувствуя свою ущербность.",presuicidal,,"клинические проявления/плач, истерики;чувства/негативное самоощущение, вина, стыд, никчемность, самобичевание",presuicidal_multilabel_conj,1b77a04d466b4b00a6fd18f71ac13d9f-12
"С одной стороны я может и хочу в детский дом, а умереть мне хочется больше.",presuicidal,,клинические проявления/другие психические расстройства;смерть/мысли о смерти,presuicidal_multilabel_conj,cc5fa9cabd32496baa9a214e011dcf18-2
"Я была счастлива, впервые за все годы я была безумно счастлива, я верила что он моя половинка, да что уж там, не половинка, он это я!",presuicidal,,"защитные факторы/выражение любви;защитные факторы/выражение счастья, радости, удовлетворенности",presuicidal_multilabel_conj,ae550959f27e473895843d82caee5055-17
"Я их всех очень люблю, и дал себе слово что буду жить только ради них.",presuicidal,,защитные факторы/выражение любви;защитные факторы/позитивные установки,presuicidal_multilabel_conj,de4fa5f92b9b462397c554d9f8855171-6
"Он начал пить, я уходила, возвращалась, он закодировался, не пьет третий год. В июне этого года можно снова будет пить.",presuicidal,,"клинические проявления/плач, истерики;проблемы во внешнем мире/несчастная любовь, проблемы с друзьями, сложности построения отношений",presuicidal_multilabel_conj,cc74a3da245647df9cd911a69e0e0741-2
"Уже в 16 у меня появились мысли о суициде, мне не для чего жить, себя я не люблю да и мама меня тоже не любит.",presuicidal,,"проблемы в семье/сложные отношения с родственниками;смерть/мысли о смерти;чувства/негативное самоощущение, вина, стыд, никчемность, самобичевание",presuicidal_multilabel_conj,24078e6e46254e3aaba8c3748cc0df76-13
"Я почти ничего не ем, живу последние дни в предчувствии страшной смерти от удушья :.",presuicidal,,клинические проявления/расстройство пищевого поведения (рпп);клинические проявления/другие психические расстройства,presuicidal_multilabel_conj,e70b841502634b29a14d068eec70d56c-6
Потом нашла для себя отдушину ( негатив) Триада) реп группа поставила меня на ноги начала бегать по утрам перестала с кем либо общается завела себе twitter и писала что чувствую там всего записи 3 и я опять впала в депрессию мама так погрузилась в онлайн игры что с работы приходит садится за компьютер спать ложится в 3 часа ночи в магазин хожу я работа по дома я готовка я. Я психанула набрала из аптечки таблеток и проглотила это было тяжело меня тошнило мне было плохо и я легла спать потом в 3 часа ночи у меня была слуховая галлюцинация.,presuicidal,,"клинические проявления/депрессия;чувства/душевное опустошение, подавленность, тоска, грусть",presuicidal_multilabel_conj,b189d49e2c2d493f9f4d1ea443a25c42-11
"Я сказала я богом клянусь я тебя люблю прости, а он сказал пошла ты.",presuicidal,,"защитные факторы/выражение любви;проблемы во внешнем мире/несчастная любовь, проблемы с друзьями, сложности построения отношений",presuicidal_multilabel_conj,dabd422a10174111b74c86e1496e8229-2
"Друзей у меня никогда не было, меня постоянно травили в школе, когда возвращался домой били родители.",presuicidal,,"проблемы в семье/физическое насилие;проблемы в семье/сложные отношения с родственниками;проблемы во внешнем мире/травля, физическое насилие",presuicidal_multilabel_conj,2291cb80ebad4acabf93f9c469825045-2
"Была у этого деспода племянница, на год младше меня, и когда мне было уже 9, в один прекрасный день ему азбрела в голову идея, почему бы и не сблизить наше с ней и без того хорошее общение, мы с ней ходили в одну школу, она была слабая, красивая и легко управляемая девчушка, чем часто пользовались ее однокласники, всячески издеваясь над ней, шпыняя, и подставляя.",presuicidal,,"проблемы во внешнем мире/травля, физическое насилие;проблемы во внешнем мире/несчастная любовь, проблемы с друзьями, сложности построения отношений",presuicidal_multilabel_conj,866750e0330d44eb9558f2a39d32c98f-7
"Я хочу быть нормальным человеком, любить и быть любимым, но с этой депрессией я не могу ничего сделать.",presuicidal,,"клинические проявления/депрессия;проблемы во внешнем мире/несчастная любовь, проблемы с друзьями, сложности построения отношений",presuicidal_multilabel_conj,8c01623d38104c4b8a4cbc265a42addf-21
"искреннелюбили Он постоянно говорит что я никому не нужна, что я потихоньку уже в это верюДрузей у меня так и не появилось, все только и стараются нагадить, меня уволили с хорошей работы, как оказалось из-за тех кого я считала друзьями, в лицо все мило улыбались, а в это время плели сплетни и интриги.",presuicidal,,"проблемы во внешнем мире/несчастная любовь, проблемы с друзьями, сложности построения отношений;другое/проблемы с профессиональным определением и реализацией",presuicidal_multilabel_conj,455bba1f40b64a05a17a03f9d1ab36ee-9
психолог сказала мне что своими истериками я манипулирую людьми чтобы они уделяли мне больше времени я и сама это понимала но когда тебе такое говорят думаешь об этом сильнее и теперь я не хочу никому жаловаться просто пиздец,presuicidal,,"клинические проявления/другие психические расстройства;клинические проявления/плач, истерики",presuicidal_multilabel_conj,9bee0335779e4937b6301c9e82cb44b4-0
"Итак начнем с того что я родилась не совсем здоровой (в последствии у меня левостронний гимапарес, но инвалидности нет, да и я почти физически нормальная благодаря родителям (особенно маме, именно она меня вытянула, не отдала в спец садик, потом в школу, я даже закончила вуз с красным дипломом ( на этом и все.",presuicidal,,"защитные факторы/позитивная самооценка;клинические проявления/физические заболевания, инвалидность",presuicidal_multilabel_conj,13caa466027b4fbfaf1a8bd02d7ed46a-12
"Хотя, нет, есть друзья, это наркотики, которые я употребляю ежедневно для того, чтобы снять тревогу, уйти от одиночества и погрузиться в другой мир, иллюзий, в котором нет обыденных проблем, серых будней, и этого страшного одиночества.",presuicidal,,"клинические проявления/тревожность, страх, фобии;деструктивное поведение/алкоголь и наркотики;чувства/одиночество, непонимание, изоляция, брошенность",presuicidal_multilabel_conj,1a196e40cdd9461bba3372e30c5aea3a-3
"На свою жизнь я не жалуюсь, есть хлеб, кров и удобства Но последние месяца 4 меня постоянно посещают суицидальные мысли, частые затяжные депрессии, почти без причины.",presuicidal,,клинические проявления/депрессия;смерть/мысли о смерти,presuicidal_multilabel_conj,ce8d6d30a6ec4ddfa74e01a1a7ad0d99-3
"Я была на грани срыва, и не взирая на такую его «любовь», он постоянно на меня срывался, я постоянно всё делала не так, в следствии чего, скандалы и ссоры, в плоть до драк.",presuicidal,,"проблемы во внешнем мире/травля, физическое насилие;проблемы во внешнем мире/несчастная любовь, проблемы с друзьями, сложности построения отношений",presuicidal_multilabel_conj,7f38fc3a821a42548295cbb8e0335587-17
"Решила что буду разводится, мои родители вроде поддерживают меня но только на словах.",presuicidal,,проблемы в семье/распад семьи;проблемы в семье/сложные отношения с родственниками,presuicidal_multilabel_conj,64524ce1d9304546b1e610fd23448018-19
"На сегодняшний момент у меня 250000 долга, которые мне нечем платить, у меня нет работы и нам реально нечего есть.",presuicidal,,"другое/проблемы с профессиональным определением и реализацией;другое/проблемы с деньгами (нищенство, долги)",presuicidal_multilabel_conj,f68acc1a0dab492786d7c4af9565a1ce-26
"Незнаю когда это произошло, может в детстве, когда меня выгонял из дома отец, за то что я пыталась защитить маму, а может позже, когда люди перестали меня понимать, Незнаю да и мне плевать.",presuicidal,,"проблемы в семье/сложные отношения с родственниками;проблемы во внешнем мире/несчастная любовь, проблемы с друзьями, сложности построения отношений",presuicidal_multilabel_conj,6b10814085934ad98980d5e6ed2f3eff-3
"Моя собственная мать, сейчас, вместе с бывшим мужем хочет отобрвть у меня детей.",presuicidal,,проблемы в семье/распад семьи;проблемы в семье/сложные отношения с родственниками,presuicidal_multilabel_bsp,1aee33da8f39497aacb1607b44eef469-20
"Я была красивая, жизнерадостная, веселая.",presuicidal,,"защитные факторы/выражение счастья, радости, удовлетворенности;защитные факторы/позитивная самооценка",presuicidal_multilabel_bsp,06899711893f4424b8775a59314ff52c-16
"У меня все хорошо, трое за замечательных детей, муж, мама.",presuicidal,,"защитные факторы/выражение счастья, радости, удовлетворенности;защитные факторы/наличие позитивных социальных связей",presuicidal_multilabel_bsp,415b5c528cd14524869e9a406aeef653-2
"Я хочу покончить с собой, мне очень тяжело терпеть это на протяжении 3 лет.",presuicidal,,"смерть/мысли о смерти;чувства/беспомощность, безвыходность, безнадежность, отчаяние",presuicidal_multilabel_bsp,e96e59aefd734e74a4aa8edca9bfa03d-19
"Я в проблемах, без образования, по уши в долгах.",presuicidal,,"другое/проблемы с профессиональным определением и реализацией;другое/проблемы с деньгами (нищенство, долги)",presuicidal_multilabel_bsp,12662f04f8b84525a7b34ee12100c0ef-2
"Мне было плохо два месяца, сейчас выхожу уже из депрессии, в принципе, мне любая поддержка сейчас пригодится.",presuicidal,,защитные факторы/поиск помощи;защитные факторы/положительная динамика;клинические проявления/депрессия,presuicidal_multilabel_bsp,d0e58441652343e8871f7d065a539b42-3
"У меня есть семья, нет острой необходимости работать, огромное количество свободного времени, есть хобби.",presuicidal,,"защитные факторы/выражение счастья, радости, удовлетворенности;защитные факторы/наличие целей, планов на будущее, любимого дела",presuicidal_multilabel_bsp,830e971758fc4571aa36a21ea580863a-3
"Недавно закончила институт, мне очень нравилось учиться, нравилась наша группа.",presuicidal,,"защитные факторы/наличие позитивных социальных связей;защитные факторы/наличие целей, планов на будущее, любимого дела;защитные факторы/позитивная самооценка",presuicidal_multilabel_bsp,bab2710f8ed04e69bca3a0890f85ea8b-1
"Вышла я с больничного другим человеком - жалким, беспомощным.",presuicidal,,"клинические проявления/физические заболевания, инвалидность;чувства/беспомощность, безвыходность, безнадежность, отчаяние",presuicidal_multilabel_bsp,4338817eb73b42da862e6391fead0def-8
"В 11 классе я перешла в новую школу, в которой было прекрасно всё: я любила всех одноклассников, учителей.",presuicidal,,"защитные факторы/выражение любви;защитные факторы/выражение счастья, радости, удовлетворенности",presuicidal_multilabel_bsp,113d038739c24fa4b5bdadd07653a8c9-9
"Друзей у меня нет, приходить было некому, мама меня навещала постоянно, даже ночами сидела.",presuicidal,,"защитные факторы/наличие позитивных социальных связей;проблемы во внешнем мире/несчастная любовь, проблемы с друзьями, сложности построения отношений",presuicidal_multilabel_bsp,fec4b6244f0e46d19da21d80586a87d7-116
"Я умерла 4 года назад, осталась оболочка.",presuicidal,,"чувства/душевное опустошение, подавленность, тоска, грусть;другое/деструктивные установки",presuicidal_multilabel_bsp,29a155455e304031bfa30f3983662a3b-13
"Я хочу покончить с собой, это невыносимо!",presuicidal,,"смерть/мысли о смерти;чувства/беспомощность, безвыходность, безнадежность, отчаяние",presuicidal_multilabel_bsp,72dab57de8aa48fd8908723b925177ca-2
"Надо мной смеются даже люди, которые слабее меня, я вообще в этой жизни никто.",presuicidal,,"проблемы во внешнем мире/травля, физическое насилие;чувства/негативное самоощущение, вина, стыд, никчемность, самобичевание",presuicidal_multilabel_bsp,9e924d21b8e54107b6a97ea252fb9351-0
"Я люблю одного человека, вместе с которым мы уже три года.",presuicidal,,защитные факторы/выражение любви;защитные факторы/наличие позитивных социальных связей,presuicidal_multilabel_bsp,03445cc8f5134db9a71a4c35cfa201e2-9
"Всё еще усугубляют некоторые проблемы со здоровьем, я заикающийся очкарик.",presuicidal,,"клинические проявления/физические заболевания, инвалидность;чувства/негативное самоощущение, вина, стыд, никчемность, самобичевание",presuicidal_multilabel_bsp,2df8795a592542d2a1faf0cdaa8774a1-11
"У меня есть сын, я его очень очень люблю.",presuicidal,,защитные факторы/выражение любви;защитные факторы/наличие позитивных социальных связей,presuicidal_multilabel_bsp,d681c53f74874dd3bcb658f58e077eea-4
"Я больна неизлечимой болезнью, нет смысла жить.",presuicidal,,"клинические проявления/физические заболевания, инвалидность;смерть/мысли о смерти",presuicidal_multilabel_bsp,031239da97554e83aaefd6358560b9c6-0
"Я устала от этого ""опять"" - опять бессонница, опять общежитие, опять работа.",presuicidal,,"клинические проявления/бессоница;клинические проявления/усталость, стресс, истощение ресурсов",presuicidal_multilabel_bsp,4f07c1ded0c5449bbc0f1088d9f638bb-33
"Я потерял интерес к жизни, хочется просто сдохнуть.",presuicidal,,смерть/мысли о смерти;смерть/намерения самоубийства,presuicidal_multilabel_bsp,0f297cd48b944b668744c416430c76d6-1
"Ушел в никуда с ненавистной мне работы, безвылазно сижу дома.",presuicidal,,"чувства/душевное опустошение, подавленность, тоска, грусть;другое/проблемы с профессиональным определением и реализацией",presuicidal_multilabel_bsp,045b10be2aa342489f4aa3a3a8a9d4c5-1
"Тело онемело, затряслось, пошли слезы, я задыхался.",presuicidal,,"клинические проявления/физические заболевания, инвалидность;клинические проявления/плач, истерики",presuicidal_multilabel_bsp,ffe862de16e540bd88f20d12ab4af64f-107
"Родился в селе в те самые 90-е. в школе учился хорошо до класса 7-8. родила меня мать в 17 лет( ее изнасиловал мой биологический отец, выпивала, ее родители алкоголики.",presuicidal,,деструктивное поведение/алкоголь и наркотики;проблемы во внешнем мире/сексуализированное насилие,presuicidal_multilabel_bsp,50ab74e0bf124beca699a510b85c5bc9-2
"Я уже так устала от этой борьбы, борьбы с родителями, борьбы с парнем, борьбы с собой.",presuicidal,,"проблемы в семье/сложные отношения с родственниками;проблемы во внешнем мире/несчастная любовь, проблемы с друзьями, сложности построения отношений;чувства/негативное самоощущение, вина, стыд, никчемность, самобичевание",presuicidal_multilabel_bsp,4e3c7cc6cd2944b1b6693807754c8e08-19
"У меня была попытка суицида, после чего попал в псих-лечебницу.",presuicidal,,клинические проявления/другие психические расстройства;клинические проявления/попытка суицида в прошлом,presuicidal_multilabel_bsp,7b18ccae29be4ed3b8d22ca4bf58c2b0-3
"Из-за девушки, отвергшей мои чувства, я хотел покончить с собой.",presuicidal,,"клинические проявления/попытка суицида в прошлом;проблемы во внешнем мире/несчастная любовь, проблемы с друзьями, сложности построения отношений",presuicidal_multilabel_bsp,f5a06360b873433198e4643bdede29f2-1
"Я устал видеть, слышать, чувствовать, думать, в самом буквальном значении этих слов.",presuicidal,,"клинические проявления/усталость, стресс, истощение ресурсов;чувства/душевное опустошение, подавленность, тоска, грусть",presuicidal_multilabel_bsp,78e37c7cfa2c40c4a921c9944e5b62f1-2
"Мы хорошо живем, у нас всё есть, через два года переедем в Кудрово ближе к Питеру.",presuicidal,,"защитные факторы/выражение счастья, радости, удовлетворенности;защитные факторы/наличие целей, планов на будущее, любимого дела",presuicidal_multilabel_bsp,51f4bd6c865c40dfa06c89781d5d441f-16
"Проучившись там 1, 5 года, я ещё больше убедилась, что мне совершенно не подходит эта профессия, что у меня нет к ней никаких способностей и всё таки забрала документы, родителям сообщать не стала.",presuicidal,,нерелевантный,presuicidal_monolabel_long,75a2c9b18c8041e8b2b5235c726b9162-7
"Родители привыкли меня опекать, мне 26 лет, но они не слышат чего хочу я, они всегда хотят навязать мне свое мнение.",presuicidal,,проблемы в семье/сложные отношения с родственниками,presuicidal_monolabel_long,e4771e1bea2e459589b3f9e8b39d6998-2
"Мысли о суициде появились как-то спонтанно, а 19 я уже пыталась повеситься, я была одна дома, но это не удалось, к сожалению.",presuicidal,,клинические проявления/попытка суицида в прошлом,presuicidal_monolabel_long,78f0a6ab0ccc4c398a6b6c99b0349d46-17
"Меня раньше как-то мало заботил мой статус, финансовое состояние и т. п. Сейчас я на самом дне, с которого можно и не подняться.",presuicidal,,"чувства/беспомощность, безвыходность, безнадежность, отчаяние",presuicidal_monolabel_long,85430ccb111147faa98c74ec039aae45-137
на протяжении беременности я уже почуствовала себя мамой я разговаривала с малышом на тот момент я не знала что там мальчик)но каким то оброзом называла его Аланчик)мой малыш.,presuicidal,,защитные факторы/наличие позитивных социальных связей,presuicidal_monolabel_long,49dfadde6f834044a404e47e4539f299-34
"Но в последнее время эта мысль все чаще появляется в моей голове и меня это сильно пугает, пугает то, что сорвусь и сделаю это, возьму лезвие и.",presuicidal,,смерть/мысли о смерти,presuicidal_monolabel_long,940cc949fc7f46a5b7249fd536e69916-3
"Единственная мысль, которая всегда со мной, никогда не покидает меня она, а мысль эта о самоубийстве.",presuicidal,,смерть/мысли о смерти,presuicidal_monolabel_long,a6b62a903b2e4669b4363ae1db19ca08-3
"Мне 24, возраст для того чтобы радоваться жизни, но у меня всё не так. Когда я был маленьким, я всегда любил гулять, были друзья, про школу не забывал.",presuicidal,,"чувства/душевное опустошение, подавленность, тоска, грусть",presuicidal_monolabel_long,148e2d7e71b7411d8d2eee94d42b5c71-0
"У меня нет опыта в общении, не когда не общался с противоположным полом, и со своим тоже.",presuicidal,,нерелевантный,presuicidal_monolabel_long,164ffa50ef26459aa71a98c0a70e7083-41
"И опять получилось, что произошло это у меня на глазах, я ездила с ней в больницу, помогала врачам делать все процедуры, а она всё шептала, что умирает, а я все н хотела слушать.",presuicidal,,"смерть/смерть, несчастный случай или суицид близких",presuicidal_monolabel_long,f8c20c04943848f4abf33e2695893e9c-10
"Но сейчас при малейшей оплошности мама угрожает тем, что снова отправит меня к бабушке и отберет собаку и интернет( А я от него зависима.",presuicidal,,проблемы в семье/сложные отношения с родственниками,presuicidal_monolabel_long,530e3003e0c648a48f7bd88a8ca50850-33
"Дело в том, что я постоянно переживаю за свои прошлые какие-то ошибки, поступки, осознаю то, что неправильно тогда поступала, постоянно мучаю себя, зачем?",presuicidal,,"чувства/негативное самоощущение, вина, стыд, никчемность, самобичевание",presuicidal_monolabel_long,8603c51d7a134c3382d62215c6a5c909-1
"Но мысль о том, что я осталась на второй год, что все думают, что я уехала лишь бы избежать позора не оставляет меня.",presuicidal,,"чувства/негативное самоощущение, вина, стыд, никчемность, самобичевание",presuicidal_monolabel_long,4c48db586fdc4ad880fce482181a6b3b-26
"Не правильно это хоронить своих детей, он был для меня всё, а как теперь дальше без него?",presuicidal,,"смерть/смерть, несчастный случай или суицид близких",presuicidal_monolabel_long,d1acc0f4f7344c43ad0bcbb732c46397-5
"Маме никогда нет до меня дела, она вечно на работе и ее поддержку и любовь я не получаю.",presuicidal,,проблемы в семье/сложные отношения с родственниками,presuicidal_monolabel_long,887686ab9e704526ae395264b6154e31-16
"Я чувствую себя среди людей не в своей тарелке, но было бы слишком просто списать это на социофобию, ведь с теми, кто был раньше, с друзьями было с самого начала легко и не страшно, просто все они - не те.",presuicidal,,"проблемы во внешнем мире/несчастная любовь, проблемы с друзьями, сложности построения отношений",presuicidal_monolabel_long,6320763667f840f89851aa649738f42e-12
"Вижу счастливые картины мира где меня никогда не было, прописываю всё до мелочей, портреты, характеры, случаи и всё лучше чем со мной!",presuicidal,,нерелевантный,presuicidal_monolabel_long,e962ad886ced454db3b6b14461a6046d-84
"Я познакомился с ее родителями, на которых, как она мне сказала, я произвел очень хорошее впечатление.",presuicidal,,нерелевантный,presuicidal_monolabel_long,47f9e6956b354708b26a28888b27d6f4-9
"Маму она не любила (по словам мамы) и разговорам бабушки с мамой;Когда я вернулась жить с мамой, мне было сложно.",presuicidal,,проблемы в семье/сложные отношения с родственниками,presuicidal_monolabel_long,ccca495eb5e747cd9e61af3b78a14d55-15
"У меня мягкий характер, я веселая, общительная, но не навязчивая, всегда всем помогаю, пытаюсь поддерживать и никогда не сделаю никому плохого.",presuicidal,,защитные факторы/позитивная самооценка,presuicidal_monolabel_long,df32b36940c9445591f3ee80578db78b-10
"В общем немного о себе, я тот человек, который когда то был очень позитивен, заряжен на все 100% и главное УВЕРЕН в себе.",presuicidal,,защитные факторы/позитивные установки,presuicidal_monolabel_long,e0656252eda04b2994dcec392291c526-1
"И я понимаю что лучше уже не будет, что каждый мужчина который будет появлялся в моей душе, будет поступать так же.",presuicidal,,"проблемы во внешнем мире/несчастная любовь, проблемы с друзьями, сложности построения отношений",presuicidal_monolabel_long,13c62b1d928d45058ddf489a84369f64-3
"Помог один знакомый врач, который как раз позвонил в тот момент, когда уже резала руку( врач - психиатр) После мы с эти молодым человеком виделись одни раз. Я понимала, что не получу желаемого от него, он ко мне ничего не чувствует.",presuicidal,,деструктивное поведение/самоповреждение,presuicidal_monolabel_long,74087344a1c045b4bc030d7a5dfb3a29-9
"Мне плохо от того, что я такая эгоистка, что слабая, думаю только о себе, о том, что никогда не смогу выучиться 4 года, ведь там надо стараться, а я. Так хочется покончить со всем, чтобы больше не было всего этого.",presuicidal,,"чувства/негативное самоощущение, вина, стыд, никчемность, самобичевание",presuicidal_monolabel_long,035a4161de504bf4855e8026d19a9e87-7
"Это продолжалось два месяца, я похудела, выпали волосы, я не знала, как выйти из этой ситуации и что делать, ведь его вещи были ещё у меня.",presuicidal,,"чувства/беспомощность, безвыходность, безнадежность, отчаяние",presuicidal_monolabel_long,a98a6bfca14c48eb8a0e9a3244d8d54c-19
"а ведь я знаю что я хорош, и могу добиться расположения ЛЮБОЙ дамы любой непикап нет это все, я умею общаться с людьми.",presuicidal,,защитные факторы/позитивная самооценка,presuicidal_monolabel_long,2e1e867fe25740f686b8fed09d5f340c-45
"Мой молодой человек не знал, что я их принимаю тоже, поэтому мне никто не объяснил, что после их приема, развивается зависимость и если их не принимать будет жестокая ломка( как от героина.",presuicidal,,деструктивное поведение/алкоголь и наркотики,presuicidal_monolabel_long,72987d30e89247ab938bcffe882a123d-3
"Да и меня особо не волнует, то что я никому не нравлюсь, раздражают всякие советы типа ""найдёте того, кто полюбит вас такой какая вы есть, не всем парням нравятся худые"" и т. д. Мне это не надо.",presuicidal,,"чувства/агрессия, гнев, обида, злость, раздражительность, ревность, несправедливость",presuicidal_monolabel_long,89f88d5dd26440469937c39c12eb0f1e-12
"Когда я еду в метро, я представляю, в какой бы момент я бы взорвал бомбу, будь она у меня, и чем бы я её начинил, в каком бы месте расположил, или взорвал бы её вместе с собой.",presuicidal,,смерть/мысли о смерти,presuicidal_monolabel_long,21bb0d37b4954a8985198f808f9ba4cc-65
"Неделю назад говорила бывшей однокласснице ребенка - мол, не слушай других, ты имеешь право скорбеть столько, сколько надо, никто не может решить за тебя, сколько тебе нужно времени, дай себе это пережить.",presuicidal,,нерелевантный,presuicidal_monolabel_long,1ae5578a6b0b488abab1d70cab343838-0
"Я начинающая певица — певица позвольте заметить без капитала но со знаниями умнием и талантом, правда с угасающей со временем харизмой, но задором в глазах.",presuicidal,,защитные факторы/позитивная самооценка,presuicidal_monolabel_long,d7a3961c02b34e70a2023b57bd1e60f1-0
"Я до сих пор думаю, что однажды могут позвонить и сказать, что это была ошибка, что она жива на самом деле.",presuicidal,,"смерть/смерть, несчастный случай или суицид близких",presuicidal_monolabel_long,bf9961c4c9a74fb8bb272301d7c3dce8-34
"Создавать семью не имеет смысла, ибо дети, которых я любить все равно никогда не буду, умрут, как и я, а все что материально, конечно же, не вечно.",presuicidal,,другое/деструктивные установки,presuicidal_monolabel_long,28a29048bbc54b8a9257308329a4da48-13
"от безденежья, правда я понимаю, что некоторые живут еще хуже, но иногда мне кажется, что единственное правильное решение умереть.",presuicidal,,"другое/проблемы с деньгами (нищенство, долги)",presuicidal_monolabel_long,809001c4fc7a44dcbd3425baa66a597e-5
"Я вырос в обстановке религии( а вот именно православия, но однако видя как живет лучше допустим человек, на 2 класса ниже меня, то подумываеться-'а правда ли и логично что говорят религиозные люди, тоже самое о внешности-почему у моего друга, имеющего 3 балла по украинской аттестации по всем точным наукам( говорят лучше голова на плечах, но это смешно в жестокой жизни, очень много девушек в его 15.",presuicidal,,"чувства/агрессия, гнев, обида, злость, раздражительность, ревность, несправедливость",presuicidal_monolabel_long,97149ccf828843c5b518f0c8d336274c-6
"Друзей не особо много, поэтому не думаю, что с моим уходом они будут сильно горевать, мать говори, что я одна сплошная ошибка и то, что рада беременности, так как это ребёнок будет лучше.",presuicidal,,"чувства/негативное самоощущение, вина, стыд, никчемность, самобичевание",presuicidal_monolabel_long,0c03a6e93c1b4ee585ab6e3b8e0b721f-4
"А еще на фото моего класса на пиксельный фотик Мне сегодня 17, и я этого совсем не ощущаю, это странно чуть-чуть Но в целом день был чудесным!",presuicidal,,"защитные факторы/выражение счастья, радости, удовлетворенности",presuicidal_monolabel_long,2d8d7c8e27cd4f38ad899f4b50a3b376-1
"Может у меня и нет таких ярких причин для самоубийства, но я все-таки хочу рассказать, почему я так хочу умереть.",presuicidal,,смерть/мысли о смерти,presuicidal_monolabel_long,5cf0f23a1632496e9aad2dbd39df9e15-0
Мне стали снова приходить мысли о самоубийстве.,presuicidal,,смерть/мысли о смерти,presuicidal_short_simple,0f42eb3918c6471d9440c84a669d0adc-5
Каждый день на меня орут просто по пустякам!,presuicidal,,"чувства/агрессия, гнев, обида, злость, раздражительность, ревность, несправедливость",presuicidal_short_simple,c44f1b85b7bc4c18bc893578c93a8e15-1
"Окей, все таки мне нравится эта перчаточка",presuicidal,,"защитные факторы/выражение счастья, радости, удовлетворенности",presuicidal_short_simple,d99d9f8912a24651a1ba616d8b1c04d5-0
Мне очень нравились эти профессии.,presuicidal,,"защитные факторы/наличие целей, планов на будущее, любимого дела",presuicidal_short_simple,6a1d9c76352f4ab7953156d7eb8b0519-32
"Учусь я хорошо, без троек.",presuicidal,,защитные факторы/позитивная самооценка,presuicidal_short_simple,07ab1bfa291d4996bdc370ccb45479b6-9
Я боюсь доверять людям мне недавно исполнилось 17!,presuicidal,,"клинические проявления/тревожность, страх, фобии",presuicidal_short_simple,428bee3f6ad44668946f37bb7c79df8b-1
Я доволен?,presuicidal,,нерелевантный,presuicidal_short_simple,100fa7640d47475c8ec1000051a2c5cd-3
мне сниться мой умерший ребенок.,presuicidal,,"смерть/смерть, несчастный случай или суицид близких",presuicidal_short_simple,28dbb94164444db69fd5fd7b5570b66c-29
Есть у меня еще одна довольно-таки серьезная проблема.,presuicidal,,нерелевантный,presuicidal_short_simple,d4d7acb23d85436cb7385bbfa8bee5bd-23
О самоубийстве я думаю уже давно.,presuicidal,,смерть/мысли о смерти,presuicidal_short_simple,d2aabd9d8fe04a52922b53ee13e7982c-0
Я утратил весь интерес к жизни.,presuicidal,,"чувства/беспомощность, безвыходность, безнадежность, отчаяние",presuicidal_short_simple,d69b3322c6b54d059c774cbc72951f8d-7
Мы расстались летом 2007 года.,presuicidal,,"проблемы во внешнем мире/несчастная любовь, проблемы с друзьями, сложности построения отношений",presuicidal_short_simple,72adf2980f094ffea7643b3efd2500fd-0
Мой первый парень от которого сделала аборт в 16 лет.,presuicidal,,"проблемы в семье/трудности с беременностью, аборт, выкидыш",presuicidal_short_simple,4ce90934216645e1b49cac879e82ec13-19
через 28 дней мне исполниться 16 лет.,presuicidal,,нерелевантный,presuicidal_short_simple,017486df65ee4a8b90881fea0115b669-23
Еще я оченьрассеяна.,presuicidal,,нерелевантный,presuicidal_short_simple,0a98929c89484c6095e1d8dd3cf5ddba-7
В первом классе меня все любили всем мальчикам я нравилась.,presuicidal,,защитные факторы/позитивная самооценка,presuicidal_short_simple,b5004400c5f34b39ad85132a63a173a6-4
Именно тогда я попыталась убить себя.,presuicidal,,клинические проявления/попытка суицида в прошлом,presuicidal_short_simple,7eb5564332b6468ca1daef660f59e151-12
"Я в глазах большинства людей ""выгляжу злой"".",presuicidal,,"чувства/агрессия, гнев, обида, злость, раздражительность, ревность, несправедливость",presuicidal_short_simple,6a90f9f2d86d470d946bc5359434275e-50
Я искал в интернете легкий способ смерти.,presuicidal,,смерть/мысли о смерти,presuicidal_short_simple,e96c5d895bd340889eb813b255f5e1a4-2
"Щит совмещает две функции — он защищает бойца от традиционных угроз (таких, как камни, палки и ножи) и при соприкосновении с противником наносит элетрошоковое воздействие, вызывающее кратковременный шок.",solyanka,lenta,no_emotion,solyanka_lenta_long,
"По словам специалистов, BabaYaga состоит из двух модулей: один внедряет спам в уязвимые сайты, а второй — модуль бэкдора — позволяет злоумышленникам контролировать зараженную страницу в любое время.",solyanka,lenta,no_emotion,solyanka_lenta_long,
"По данным обвинения, летом 2016 года он грозил депутату Госдумы Юрию Напсо опубликовать компрометирующие материалы, если тот не выплатит 150 тысяч рублей.",solyanka,lenta,no_emotion,solyanka_lenta_long,
Однако поймать злоумышленников так и не удалось — спустя 25 минут преследования трое подозреваемых бросили свой автомобиль и сбежали.,solyanka,lenta,no_emotion,solyanka_lenta_long,
"Весь год, пока ресторан был закрыт, он вместе с помощниками ездил по скандинавским странам и искал редкие традиционные блюда: «от странных растений и ракушек до рыбьих глаз».",solyanka,lenta,no_emotion,solyanka_lenta_long,
"56-летнего мужчину, проработавшего на заводе 38 лет, арестовали в мае после того, как один из сотрудников заметил странный порошок на своей еде.",solyanka,lenta,no_emotion,solyanka_lenta_long,
Около тысячи клиентов российского «Натали Турс» пострадали из-за непогашенных долгов туроператора перед турецким партнером — принимающей компанией Peninsula Tours.,solyanka,lenta,no_emotion,solyanka_lenta_long,
"Его твит приобрел вирусный эффект, и о том, что американец собирает смешные русские мемы, узнали в России.",solyanka,lenta,no_emotion,solyanka_lenta_long,
"В Испании мужчина предстанет перед судом за то, что изнасиловал собственную 15-летнюю дочь и двух ее подруг под предлогом изгнания злых духов.",solyanka,lenta,no_emotion,solyanka_lenta_long,
"Фанаты британского видеоблогера Элисон Чаблоз (Alison Chabloz), обвиненной в антисемитских публичных высказываниях, пригрозили смертью судье Джону Зани (John Zani).",solyanka,lenta,no_emotion,solyanka_lenta_long,
"Кроме того, в США призывают отказаться от выражения «публичного одобрения в адрес Владимира Путина как главы государства, принимающего турнир».",solyanka,lenta,no_emotion,solyanka_lenta_long,
"Всем, кто пытается выместить свою ярость в сообщениях: успокойтесь, я их даже не открываю», — отметила Папен.",solyanka,lenta,no_emotion,solyanka_lenta_long,
"При этом он считает странным это решение, так как «Северный поток-1» проходит как раз в территориальных водах Дании (страна имеет выход к Северному и Балтийскому морям).",solyanka,lenta,no_emotion,solyanka_lenta_long,
"В пресс-службе УМВД по Екатеринбургу журналистам рассказали, что в дежурную часть уже поступило заявление, и теперь сотрудники устанавливают личность злоумышленника.",solyanka,lenta,no_emotion,solyanka_lenta_long,
"«Речь идет о большой группе злоумышленников, совершивших несколько заказных убийств и покушений на убийств в городе Киеве.",solyanka,lenta,no_emotion,solyanka_lenta_long,
"Очевидцы рассказали в ролике, что многие чувствовали себя плохо, некоторые плакали, а кислородные маски не работали во время инцидента.",solyanka,lenta,sadness,solyanka_lenta_long,
"Украинский народ, помня, какие жертвы принесла ему эта война, никогда не простит этого и будет мстить.",solyanka,lenta,anger,solyanka_lenta_long,
"Мем под названием «неверный парень» приобрел популярность летом 2017 года: пользователи сети обнаружили в фотобанке странный снимок, на котором парень, идущий за руку с одной девушкой, похотливо засматривается на другую.",solyanka,lenta,surprise,solyanka_lenta_long,
"Это было странное ощущение: волосы на спине, шее и лице встали дыбом», — отметил он.",solyanka,lenta,fear,solyanka_lenta_long,
"«В изменяющейся политической и экономической обстановке стремительно возрастает значение и актуальность таких форматов, как ""Большая двадцатка"", где Россия принимает активное участие», — пояснил он.",solyanka,lenta,no_emotion,solyanka_lenta_long,
"Международная аналитическая компания YouGov провела опрос, в результате которого был составлен рейтинг самой ужасной одежды, по мнению жителей Великобритании.",solyanka,lenta,no_emotion,solyanka_lenta_long,
"Мужчина утверждает, что не был напуган поведением хищника, так как гид объяснил ему, что животное поело: за несколько метров от остановки они видели растерзанную импалу.",solyanka,lenta,no_emotion,solyanka_lenta_long,
"«Он чешет им животики и гладит по голове, — Поразительно, что все эти кошки, которые нас даже близко не подпускают, сразу тянутся к нему.",solyanka,lenta,surprise,solyanka_lenta_long,
"Мы можем изучать и вопросы о том , как различные страхи влияют на осанку , и вопросы о том , как именно отсутствие смирения приводит к потерям при планировании в промышленности .",solyanka,lj,no_emotion,solyanka_lj_long,
"И вот сейчас на Параде Победы знаменная группа несет два флага , которые , как мне кажется , смотрят друг на друга , по меньшей мере , с недоумением .",solyanka,lj,surprise,solyanka_lj_long,
"Рвется вопль из водной бездны Бесполезный :« Не покиньте раб смиренных В долах пенных !» Если выглянешь из лодки В миг короткий , Всюду прикоснется взор твой К рыбе мертвой .",solyanka,lj,no_emotion,solyanka_lj_long,
"Коммуна отпускает человека , не исторгая его , не истерично , а со светлой печалью , с надеждой , с верой в него , его силы .",solyanka,lj,no_emotion,solyanka_lj_long,
"Альтруистический подход позволяет избавиться от причин уныния – он дает возможность взглянуть на них более широко , и тогда им уже не под силу вас обескуражить .",solyanka,lj,no_emotion,solyanka_lj_long,
"Могу предположить , что если вы напишите очень аккуратный и осторожный ( это важно ) пост с вопросом про личный опыт дискриминации – результаты вас крайне удивят .",solyanka,lj,surprise,solyanka_lj_long,
"Я полностью восстановился от своей травмы и буду бороться за то , чтобы стать первым в истории спортсменом , пробежавшим марафон быстрее 2 : 03 . """,solyanka,lj,no_emotion,solyanka_lj_long,
"Мне же на эту тему даже не анекдот , а шуточная песня « Сектора Газа » сразу вспоминается : По лестнице с тобой поднялись в час ночной , Ты всунула свой ключ в замок .",solyanka,lj,joy,solyanka_lj_long,
"Удивительно , но почему-то с начала 19 - го до конца 20 - го века никто это связно объяснить не мог , и все высказывания религиозных людей оставались где-то на уровне спекуляций в духе « человек должен Богу » .",solyanka,lj,surprise,solyanka_lj_long,
"Потом испытали ( прошли по мосту всей командой , в ногу , громко топая ) и сказали :"" Теперь тут могут любить друг друга 500 пар одновременно "" .",solyanka,lj,no_emotion,solyanka_lj_long,
"Паулюс , этот теоретик - размазня , неспособный к практическим действиям , сдавшийся , прежде чем было принято формальное решение , заставил своих спасителей попусту терять время , ожидая его .",solyanka,lj,anger,solyanka_lj_long,
"Сам - то я , начитавшись , оставил тачку на прокачку недалеко от исторического центра , но даже пешим порядком был удивлён , насколько зетеэлистый город .",solyanka,lj,surprise,solyanka_lj_long,
"Это было удивительно - при всем многообразии рейсов "" Сапсана "" из Санкт-Петербурга в Москву мы оказались в одном и том же поезде , в одном вагоне и места были рядом .",solyanka,lj,surprise,solyanka_lj_long,
"Высший уровень воплощения украинского врага - бандеровцы , русоненавистники , грозящие всем русскоговорящим резней , или , того хуже ,« Гейропой » и неизбежным растлением .",solyanka,lj,anger,solyanka_lj_long,
"Если вы в панике резко снимете с предохранителя , то наверняка опустите его до упора и поставите , тем самым , в режим одиночного огня .",solyanka,lj,no_emotion,solyanka_lj_long,
"Народ кипятком писает , но мы решили , что в Перу и так хватает погружения в древнюю цивилизацию : горячая вода не везде , по утрам встаешь с петухами , а они на тебя орут , представляете ?",solyanka,lj,surprise,solyanka_lj_long,
"Уровнем ниже этих умов , наделённых выдающимися способностями , но , тем не менее , нормальных , пасётся огромное стадо обычных существ , не отличающихся никакими талантами .",solyanka,lj,no_emotion,solyanka_lj_long,
"Начался обратный отсчёт перед стартом , в котором должны были принять участие все страны ; каждая на свой лад и иной раз неосознанно вносила свой вклад в сборку механизма , из которого должен был возникнуть новый мир .",solyanka,lj,no_emotion,solyanka_lj_long,
"Да и самим жильцам : наверняка ведь и вам хоть раз случалось по запарке или с устатку подойти не к тому дому — и в лучшем случае удивляться , почему домофон не реагирует на ключ ?",solyanka,lj,surprise,solyanka_lj_long,
экономика душит меня! !!,solyanka,social_media,"anger,sadness",solyanka_social_media_multi,
"боюсь, родители не отпустят меня в питер. хотя похоже всё так и будет :с",solyanka,social_media,"fear,sadness",solyanka_social_media_multi,
"он полностью мне подходит... в нас сколько общего,что это пугает... но чувства...их нет...и это главная проблема(((",solyanka,social_media,"fear,sadness",solyanka_social_media_multi,
"в очередной раз убеждаюсь, что просьба фолловить обратно абсолютно отвратительна. только говнари так делают",solyanka,social_media,"anger,disgust",solyanka_social_media_multi,
отвратительное. спасибо сестре. огромное спасибо >< очередное воскресенье с настроением в днище. что может быть лучше?,solyanka,social_media,"disgust,sadness",solyanka_social_media_multi,
завтра походу будет ужасный день(,solyanka,social_media,"fear,sadness",solyanka_social_media_multi,
"так паршиво, когдв человек опускается на твоих глазах",solyanka,social_media,"disgust,sadness",solyanka_social_media_multi,
"не любишь ты меня,падло:(((*(*:??*::;%?*(:*()?97890768679",solyanka,social_media,"anger,sadness",solyanka_social_media_multi,
"бесят мужики, которые идут по дороге и харкаются, смаркаются, а ты значит обходи это все. в глаз себе харкани мудила ебаная",solyanka,social_media,"anger,disgust",solyanka_social_media_multi,
аж плакать хочется:(,solyanka,twitter,sadness,solyanka_twitter_short_simple,
"Огромного счастья тебе, родная!",solyanka,twitter,joy,solyanka_twitter_short_simple,
"везде, это полное кидалово ) мстить буду ск!)",solyanka,twitter,anger,solyanka_twitter_short_simple,
)у меня паника))),solyanka,twitter,fear,solyanka_twitter_short_simple,
имя которого боишься называть,solyanka,twitter,fear,solyanka_twitter_short_simple,
/ Я фанат странных незнакомцев )))))),solyanka,twitter,joy,solyanka_twitter_short_simple,
начнем с того что меня привлекает такое как суицид.,presuicidal,,смерть/мысли о смерти,other,b52ab00e3e454a56a0b722df69f81bda-3
"сейчас мне 20. конечно, за всё это время были и счастливые моменты.",presuicidal,,"защитные факторы/выражение счастья, радости, удовлетворенности",other,d31ea9f417e54f459652ccdf676bd55a-2
Может мне лучше не жить?,presuicidal,,смерть/мысли о смерти,other,5ef0d4d12f284f26ab6633930b531be8-9
почему в свои 14 лет я должна думать о самоубийстве!,presuicidal,,смерть/мысли о смерти,other,c0b2315873ac4b64bee92cd56725afeb-18
Ненавижу( все достали даже своё дэрэ отпраздновать боюсь да я всего боюссь(((,solyanka,twitter,"anger,fear",other,
мой странный юн вам не нравится :-------) в био бл посмотрите :-----------),solyanka,twitter,joy,other,
"На что она мне дала ясно понять, что я назойливый и плаксливый мудак.",presuicidal,,"проблемы во внешнем мире/несчастная любовь, проблемы с друзьями, сложности построения отношений",other,3960eb91e62f400e8c7911b57ce9569e-32
"Что странно вернул меня и стал совсем другим человеком:ласковый, романтичный, нежный.",presuicidal,,защитные факторы/наличие позитивных социальных связей,other,eab2ce0ca77a4ef5bbf4cc50d7b7bf39-6
"В семье меня может и любят, но все свои ""психи"" срывают на мне.",presuicidal,,проблемы в семье/сложные отношения с родственниками,other,8fa8291cb8534390a9810086fa33a852-2
"Даже описывать не буду, как мне стыдно за будущий поступок.",presuicidal,,"чувства/негативное самоощущение, вина, стыд, никчемность, самобичевание",other,6488d131fc664776af126e786f3267ae-31
